user_id,time_stamp,items
17421,511,983324
68198,511,47319
70585,511,144736
106629,511,243468
271127,511,168369
67782,512,266817
144854,512,"542198,490455"
356408,512,200455
401805,512,"840467,1041233"
33933,513,271735
50329,513,894819
144854,513,795537
145968,513,"521057,366823"
167700,513,788567
194402,513,"743012,743012,743012"
205964,513,983057
401805,513,573101
70585,514,291706
131687,514,689658
205964,514,208118
247938,514,"489789,489789"
251260,514,"515410,375903,515410,375903,515410,915181"
10452,515,"52215,672543"
84128,515,542117
121013,515,1095724
186568,515,1107286
359170,515,"672543,52215,83324,1028610"
28422,516,387257
123526,516,550949
177193,516,40479
179098,516,"334463,1010049"
251260,516,213457
346053,516,43889
379228,516,467977
401805,516,1080154
214182,517,"924302,1077855"
274559,517,"32435,827768"
310632,517,822352
359170,517,263135
362323,517,42760
407719,517,925571
106629,518,995801
125145,518,195260
200934,518,431722
244153,518,426880
167265,519,"461532,1090946"
200040,519,873898
283204,519,"282032,642180"
300681,519,388969
167700,520,888856
214182,520,401871
242845,520,"738322,15173"
261596,520,508983
283204,520,371751
309150,520,"855909,914857,914857,914857,18918"
80721,521,"677633,797949"
92396,521,345413
106629,521,463805
149002,521,"754044,23858"
205964,521,"992864,992864"
274559,521,"23858,690607,117846"
300681,521,229198
337277,521,670760
358360,521,"629612,596255,260348,1087278"
379228,521,267574
422917,521,"118742,430711"
32569,522,"117280,656485,332622"
149002,522,1031304
152922,522,"167363,167363,167363"
160113,522,556412
179098,522,"640782,1057948"
212504,522,"778599,778599"
247938,522,827454
256477,522,"156338,156338,156338"
271127,522,400725
337277,522,426880
356408,522,129323
379564,522,692026
407729,522,"770998,508644,247612"
415153,522,557305
2859,523,700662
182771,523,"587817,587817"
212504,523,413322
247938,523,669307
283204,523,"530917,424510,695102"
329894,523,"533946,94660"
2859,524,741961
11131,524,605224
35773,524,1066877
50329,524,511920
125145,524,910587
205964,524,"992864,992864"
212504,524,197524
222762,524,"461264,823709"
271127,524,590590
329894,524,298805
338764,524,1113009
343130,524,"314333,227402,314333"
354742,524,"223992,39379,39285"
70816,525,227672
106446,525,463029
222762,525,"1011638,291833,636042"
283204,525,"565005,998202"
328862,525,845746
367667,525,271477
23670,526,822303
67782,526,272625
81956,526,"367466,763406"
153790,526,"901101,1097341"
230385,526,1026952
407729,526,1010630
121013,527,374424
363099,527,764153
68198,528,356457
194402,528,514030
206743,528,"983308,1027496"
220388,528,1066877
332896,528,5020
394502,528,363177
407729,528,977580
69247,529,645581
92396,529,638626
121013,529,683344
203064,529,533079
310632,529,1008913
383227,529,612400
109881,530,500918
258538,530,331350
337277,530,857122
338764,530,434226
106629,531,1047017
145968,531,"964689,156118,984779,156118,557863"
179098,531,"853988,565375"
186568,531,749997
276986,531,309067
333065,531,"808163,808163"
379564,531,583151
1321,601,688999
106629,601,554430
222762,601,700456
96081,602,"98412,352468,675233"
354742,602,"13049,903206,642942"
2859,603,476618
194402,603,514030
322159,603,"160759,384917,636133,229072"
340351,603,1029992
370015,603,759296
106629,604,"211366,211366"
153790,604,245490
272775,604,785447
308386,604,1035696
340040,604,875120
356311,604,1017725
121013,605,419724
179098,605,"631714,631714"
194402,605,932393
289429,605,"267961,782727"
337277,605,206365
407719,605,1015309
407729,605,1058439
37908,606,388196
46520,606,229730
142509,606,1051816
200934,606,1090379
401805,606,717005
406351,606,"941480,82110,629087,184300,184300"
23670,607,"151638,516714"
46520,607,870996
71744,607,1041717
90527,607,895988
96081,607,989448
300681,607,410916
409280,607,"251909,18624,1089979,18624"
121013,608,195714
160113,608,740252
226647,608,762901
232889,608,531828
287404,608,1011637
287427,608,631714
300681,608,631714
309150,608,348409
409280,608,"536459,536459,203461"
214182,609,"575262,261388"
337277,609,"868853,977207,256542,256542,807611,807611"
407729,609,"20667,111935,971192,47506,390363,1040603,946423,735428,662448"
188977,610,"436442,786149"
341215,610,527648
268107,611,1020343
278823,611,"272364,387184,411559"
314034,611,355588
328862,611,676090
14217,612,"626067,626067"
106629,612,800613
230385,612,65024
309150,612,348409
62392,613,248555
72428,613,"742881,742881"
131687,613,394570
300681,613,599873
409280,613,"444713,712596,712596,954853,712596,954853"
422265,613,632668
6058,614,243427
69247,614,113565
295759,614,559691
362627,614,122299
203651,615,126588
237078,616,941822
268107,616,1020343
406351,616,"795206,1057485"
80721,617,"517392,326804"
212504,617,129300
214182,617,481499
256936,617,646453
278823,617,151741
287404,617,1011637
346053,617,"174957,829179,669746"
382472,617,978704
406351,617,774366
40282,618,87469
46520,618,"274016,232901,400098,473846,36848"
123526,618,304
162990,618,514992
205964,618,909682
226647,618,276524
271127,618,"814256,640260,789446,869031,789446,789446"
295759,618,559691
332896,618,"747570,727121,186754,231237,380431"
359701,618,"831737,4245"
398841,618,867508
406351,618,"1008977,1081549,988220"
10452,619,"785919,489009"
69247,619,471
203064,619,1011562
261596,619,59658
276986,619,613489
328862,619,169025
369232,619,545932
409280,619,"170113,16396,793580,1046099,800924"
90527,620,424860
162990,620,154705
212504,620,"650540,467783,973938,394768,390222"
300681,620,"631714,631714"
367667,620,"685390,685390,685390"
407729,620,300407
33933,621,549557
35773,621,"444379,444379"
69247,621,348200
119408,621,280809
195901,621,"508835,508835,508835,508835,508835"
212504,621,"973938,394768"
328862,621,"693014,831881"
340308,621,"32299,124796"
2859,622,490168
10452,622,1049593
17421,622,188658
271127,622,719195
300681,622,631714
341215,622,355352
389295,622,"124660,515153,501746"
398807,622,459780
10452,623,273804
70816,623,"631714,15445,129323"
149002,623,1099253
204505,623,777550
249869,623,726266
328251,623,337668
212504,624,825176
362323,624,719477
379564,624,743796
186568,625,"1004069,1004069"
234512,625,146770
276986,625,685249
355714,625,787266
358360,625,"247298,437118,437118,463867"
2859,626,"921856,490168,1066192"
17421,626,397396
69247,626,55564
92396,626,"631755,962370,873032"
142509,626,467584
177193,626,318671
205964,626,155943
219316,626,"37162,508175"
247938,626,"652464,501953,429540"
278823,626,1012275
299176,626,"793243,793243"
300681,626,764296
306549,626,"502046,1062383,841916"
2859,627,"1101304,921856"
10452,627,122184
23670,627,"451875,431072"
35773,627,922381
106629,627,340495
212504,627,"460583,169937"
219316,627,"725679,988686"
362627,627,809131
15361,628,"989692,432280,120351,1101949"
64865,628,"310067,892640,720145,275412,804192"
90527,628,964584
242845,628,"415543,459044"
272775,628,387871
274559,628,"352455,457403"
276986,628,897868
312671,628,"1018424,697190"
337277,628,182447
106629,629,684016
212504,629,365602
249869,629,"1096641,505705"
337277,629,"615492,529951"
362323,629,"573458,1087839,974643"
10452,630,678194
212504,630,"649966,1068967,325499"
271127,630,512514
287404,630,"118153,118153,118153,1066178,118153"
333065,630,910344
10452,701,1007425
152922,701,888703
200934,701,666445
212504,701,"904940,904940"
230385,701,571434
37908,702,333915
10452,703,"1005639,882921"
90527,703,480019
287427,703,547272
90527,704,751309
212504,704,264262
300681,704,714259
332670,704,757624
337277,704,"737666,929545,920895"
370015,704,"713287,822551"
70585,705,940102
200040,705,"549287,549287,539722,512613"
270173,705,6012
406351,705,806949
46520,706,646631
69247,706,741640
109881,706,74748
309150,706,1052968
366342,706,446815
106629,707,1029992
205964,707,"307572,1005877,4661"
332670,707,167269
343130,707,187700
359701,707,1034973
68198,708,111681
186953,708,695493
322919,708,385090
328862,708,"1094497,514704"
358360,708,"1100898,312407,62307,244063,191321,1100898,937228,157985,62307"
35773,709,414007
144854,709,314098
205964,709,683757
230385,709,332457
328862,709,81766
332896,709,"904621,904621,904621,711582,904621,904621"
362323,709,530251
367667,709,1046248
160113,710,"866,959105,58227,794564,1016867"
205964,710,940675
401805,710,"81286,451906"
186568,712,924565
199645,712,"246383,471520"
212504,712,"906862,906862"
241618,712,190092
370679,712,685356
409280,712,"752913,726127,954853"
204505,713,80978
212504,713,481034
272775,713,"472953,681590"
219316,714,"126588,126588"
283204,714,28714
329894,714,"830886,851027"
2859,715,926985
69247,715,"486744,245893,486744,84495"
106629,715,"161034,780078,440941,304938,635316"
132295,715,"383262,1035204"
160113,715,414307
186953,715,776518
337277,715,162280
339768,715,964906
10452,716,698786
206743,716,254992
212504,716,197558
366342,716,"75602,718306"
10452,717,"27665,857306"
18952,717,60664
167700,717,406070
212504,717,366549
240665,717,106642
256477,717,30194
166453,718,98474
182771,718,606621
222762,718,700456
272775,718,951990
40282,719,944554
256190,719,686231
398807,719,491325
121013,720,165772
242845,720,360449
121013,721,922381
248997,721,790712
316220,721,466925
340040,721,451481
354160,721,443408
407719,721,721077
173427,722,266768
187813,722,"833063,828783"
205964,722,980264
241618,722,"651542,613106"
258031,722,"22065,315206"
359701,722,"601971,590236"
367667,722,1109361
401805,722,"452709,547365,304096"
10452,723,"581682,58943,58943,58943,58943,581682,58943,581682"
272775,723,324686
387110,723,"399732,1091897"
107617,724,"322995,542214"
187813,724,536220
347476,724,"814560,683008,683008,814560"
379564,724,296705
16464,725,391445
333389,725,308431
340351,725,241018
398807,725,241183
401805,725,"284675,1095960"
10452,726,820272
17421,726,1055648
109881,726,525842
195901,726,"100585,579394,433760"
358360,726,723280
378206,726,1047496
379228,726,1098279
407729,726,977580
78617,727,38843
203651,727,"408458,1080015,673896,16505"
206743,727,"612799,984034,499563,272550,1066703"
337277,727,740305
66012,728,"74158,195714,1029992,718528,590204"
78617,728,45923
328862,728,"881947,482931,1002584,853549,408039"
369232,728,394539
17421,729,1106535
78617,729,74712
90527,729,618705
188977,729,221081
200934,729,1052815
203651,729,753260
106629,730,"677545,756421"
203651,730,202057
251260,730,"146927,650963,56834"
284990,730,202057
300681,730,"96409,436307"
333389,730,"188998,1005997"
212504,731,295211
242845,731,233479
271127,731,20111
306549,731,303799
370679,731,909682
90527,801,535511
200934,801,155623
237078,801,756421
242845,801,"701224,701224"
247938,801,692685
258031,801,326613
289429,801,"989610,451400"
328862,801,81766
340351,802,621402
90527,803,"221974,221974"
64865,804,519782
90527,804,227080
206743,804,537280
234456,804,"1064422,541920"
261596,804,"942772,465217"
17421,805,656693
78617,805,37063
90527,805,531812
160113,805,"208525,1102596,853901,813647,963870"
185060,805,1066877
212504,805,6067
328862,805,"813647,963870,1102596,853901,208525"
340351,805,506320
70585,806,"516013,516013,516013"
106629,806,542234
237078,806,"224624,224624,164477"
277052,806,"906963,717625"
362627,806,"190161,190161"
90527,807,730634
142526,807,64082
212504,807,26392
242845,807,274836
356311,807,"575822,238223"
363099,807,534362
10452,808,141747
106629,808,"183560,637385"
249869,808,619799
259544,808,736401
271127,808,986899
355714,808,155623
407729,808,442613
212504,809,619799
10452,810,57586
153790,810,177308
212504,810,"59487,59487"
320313,810,751264
328862,810,"685024,1021984"
35773,811,602529
370679,811,"497932,1105841,685356,1105841"
378206,811,"1025591,1025591,553327,553327,1025591,1025591"
407729,811,110742
64865,812,787766
78617,812,"862559,392466,822352"
96081,812,986262
212504,812,575089
237909,812,747494
333065,812,598686
354742,812,1100646
10452,813,937490
18952,813,130592
132295,813,595218
242845,813,"988686,568029,689581,928710"
256936,813,4124
299176,813,"429344,242421"
337277,813,"369627,747503"
10452,814,867302
46520,814,259853
68198,814,"858892,289608"
311624,814,244273
379228,814,1021160
2859,815,1021007
17421,815,798203
109881,815,620492
121013,815,698244
10452,816,1028368
78617,816,795232
92396,816,"549956,1072714,89484,352610,89484,913181,998982"
106446,816,412318
160113,816,"458189,458189"
283204,816,975102
332896,816,1061960
219316,817,"48280,51409,563799"
283204,817,305686
312671,817,"153602,153602,259139,153602,259139,259139"
363099,817,912073
40282,818,194680
185060,818,979827
194402,818,"577334,1088104"
258031,818,758315
72428,819,406207
179098,819,"769856,371633,394544,1087097,47718,206539,617892"
316220,819,868765
340351,819,258504
347476,819,254022
370679,819,909682
109881,820,"727310,434013,247839,836364,81580,727310"
283204,820,"686896,798667"
359170,820,"9889,204764"
370015,821,138911
2493,822,129323
203651,822,546359
204505,822,260746
212504,822,80374
306549,822,588981
347476,822,854805
407729,822,128202
69247,823,1008725
200934,823,"969814,999182,170878,545005,43959"
328862,823,702304
370015,823,969474
383227,824,689500
106629,825,524793
219316,825,429028
401805,825,"650940,394046"
90527,826,1009068
234456,826,453101
283204,826,"815349,686896,587711"
332896,826,466910
337277,826,232615
343130,826,529131
84128,827,648984
106629,827,1029273
121013,827,"941822,850343"
320313,827,216025
347476,827,597438
401805,827,"170863,480945"
2859,828,1014766
10172,828,60904
28422,828,363987
68198,828,"1033376,667563"
90527,828,716415
249620,828,"768544,768544"
261596,828,1012444
271127,828,933118
378206,828,52937
407719,828,933118
40282,829,253675
92396,829,731785
187813,829,84154
287404,829,22792
362323,829,698879
407729,829,373873
212504,830,839103
222762,830,"112521,425174"
121013,831,793909
186568,831,980619
258031,831,850433
332670,831,808026
340308,831,"964597,964597"
346053,831,"300912,396833,300912,765824"
67782,901,881107
69247,901,409773
222762,901,1100363
70816,902,"952426,716356,702653,911716"
194402,902,"897203,552683,788696,688882"
215005,902,673275
205964,903,"443084,443084"
215005,903,96904
219316,903,"159310,1030146"
272775,903,583889
337277,903,51942
132295,904,997653
162990,904,"305794,903475"
182771,904,"900601,417768"
406351,904,184300
67782,905,39744
72428,905,903475
230385,905,440146
409280,905,"170113,752913,170113,1046099,1046099,170113,752913,1046099,752913,170113"
422917,905,"1015053,1015053,1015053"
10452,906,"465321,815675"
69247,906,"925679,289478"
121013,906,338735
167700,906,598681
287404,906,1041507
328862,906,"267067,267067"
338764,906,363041
401805,906,"240419,930737"
69247,907,586524
337277,907,588272
362323,907,"211878,211878,826962,896777"
379564,907,279066
90527,908,653759
226647,908,259509
332670,908,951340
340351,908,653759
407729,908,239473
422917,908,"817446,772979"
2859,909,1599
40282,909,"399709,903775"
69247,909,1039598
106629,909,764470
203651,909,784019
206743,909,94419
212504,909,"389960,464908"
234456,909,86330
258031,909,"122351,122351,122351"
300681,909,"384041,254352"
316220,909,569263
337277,909,215069
340040,909,596542
346053,909,"65576,488605"
358360,909,"188822,502804"
362627,910,998993
367667,910,66688
370679,910,685356
10452,911,432452
37908,911,960779
40282,911,405691
186568,911,853621
195901,911,511953
222762,911,189543
333065,911,"126028,1051054,1051054,126028"
337277,911,666846
362908,911,"269826,269826,269826,269826"
401805,911,"309859,840467"
10452,912,"65624,65624"
90527,912,"964966,165123,964966,964966"
249869,912,688587
343130,912,395663
422917,912,760470
2859,913,720990
219316,913,775690
234456,913,577717
277052,913,681239
337277,913,381994
358360,913,"545687,202306,362437"
258031,914,586218
362323,914,"211878,211878"
149002,915,437598
358360,915,"303830,178260,828588"
422917,915,1015053
90527,916,"562921,562921"
337277,916,1072518
366342,916,"372966,1037296,129382"
401805,916,723130
82396,917,69707
149002,917,670204
200040,917,775885
332670,917,978736
398807,917,"333484,820484"
401805,917,"742777,1030525"
406351,917,1084771
109881,918,857975
359701,918,364409
362323,918,1022499
407719,918,192589
92396,919,"655084,1000737"
106629,919,1043502
125145,919,1097416
219316,919,"846155,846155"
167700,920,451801
78988,921,"1098506,9105"
194402,921,"1007530,524153,298425,472518"
206743,921,448576
121013,922,"911496,911496,911496"
171799,922,614056
194402,922,448776
206743,922,272949
1321,923,"381333,381333"
10452,923,"848351,875522"
40282,923,757657
72428,923,638792
106629,923,268516
195901,923,1084483
212504,923,783755
251260,923,903775
17421,924,"674746,982713,674746,364369"
40282,924,992792
106629,924,175928
109881,924,645576
121013,924,342088
212504,924,310616
256936,924,112225
407719,924,175928
2859,925,452958
16464,925,"672763,672763"
70816,925,"836925,568469"
142509,925,301057
186568,925,1039510
199645,925,31374
382472,925,742334
407719,925,639783
16464,926,"208016,208016"
90527,926,117666
121013,926,519836
205964,926,448576
206743,926,1100375
337277,926,536812
340351,926,16198
367667,926,389826
174729,927,275723
212504,927,"756819,541803"
270040,927,273598
358360,927,"34944,1038429,910042"
401805,927,162787
41494,928,57214
212504,928,919467
283204,928,801019
347476,928,1098945
356408,928,1025750
379564,928,688477
121013,929,"519836,519836"
340308,929,9105
347476,929,351244
23670,930,836528
64865,930,"492289,994929,994929,492289"
226647,930,93990
256936,930,"837505,359343,561047"
346053,930,"669012,98296,359227"
362908,930,353560
401805,930,324203
237909,1001,"905514,799382"
337277,1001,748239
341215,1001,12172
90527,1002,829970
160113,1002,916183
328862,1002,"251929,251929,484676,484676,484676,484676,484676"
362323,1002,388859
394035,1002,603534
41494,1003,"1108,668220,731428,668220,1108,731428,1108,668220,668220,668220"
69288,1003,"741087,393256,74147"
320313,1003,99303
366342,1003,548344
230385,1004,371669
276986,1004,101639
370679,1004,4772
177193,1005,289022
347476,1005,873898
2859,1006,1004563
106629,1006,"47806,840486"
121013,1006,257255
316220,1006,127840
337277,1006,"646934,646934"
10452,1007,453383
69247,1007,644769
153790,1007,342862
160113,1007,813365
270040,1007,269185
406351,1007,1058110
407719,1007,1004563
2859,1008,83562
167700,1008,37904
186568,1008,720483
187513,1008,"993378,219430"
205964,1008,"993075,993075"
249869,1008,487730
363099,1008,"985090,599978"
406351,1008,101768
28422,1009,610095
40282,1009,232455
96081,1009,"910658,1040018"
153790,1009,418361
160113,1009,227080
212504,1009,158505
217494,1009,1099253
256936,1009,918789
68198,1010,"991508,785476"
131687,1010,717816
162990,1010,"15227,885987,885987"
171799,1010,958000
212504,1010,764786
234456,1010,448155
249869,1010,5514
300681,1010,295211
347476,1010,465338
186568,1011,990726
212504,1011,"1004252,627402"
258538,1011,"215451,530039"
80721,1012,514725
106629,1012,886512
179098,1012,"546257,42072,620568,118345"
226647,1012,821895
256190,1012,"667895,209116,831182,461004"
89355,1013,927489
187813,1013,485484
212504,1013,"80602,80602"
247938,1013,837064
362323,1013,"960403,409818,881915,560772"
370679,1013,909682
379228,1013,591749
23670,1014,672487
109881,1014,"56055,233152,496571,933755"
131687,1014,815503
106629,1015,547717
186568,1015,384988
194402,1015,"688882,706903"
203651,1015,"72364,624395"
234512,1015,1106076
247938,1015,216012
422917,1015,"540980,311170"
2859,1016,551228
17421,1016,"843213,843213"
50329,1016,"940430,940430"
167700,1016,724210
212504,1016,1108098
14217,1017,"343707,343707"
17421,1017,450100
49855,1017,427999
78988,1017,23912
90527,1017,551184
234456,1017,621632
240665,1017,"512028,518569"
256190,1017,"917154,662969,274209"
256936,1017,990543
310632,1017,942726
41494,1018,"758731,1071903,979024,1038303,163543"
106446,1018,"926808,926808,1004544,1004544,926808"
187813,1018,"41538,744207"
219316,1018,608544
241618,1018,505817
271127,1018,958761
300681,1018,603371
367667,1018,"231042,867923"
166453,1019,721089
194402,1019,"1069787,140357"
41494,1020,822352
90527,1020,"1003582,685455"
106446,1020,1004544
121013,1020,"165772,1039919"
133418,1020,583213
149002,1020,606985
240665,1020,"909445,554408,209821"
167700,1021,"675444,576043,19604,675444,675444"
179098,1021,"265074,968338,664796,136276,954645,253799,363165,677309,323259,820777,1007158"
205964,1021,961467
272775,1021,953404
274559,1021,230333
332670,1021,1026568
17159,1022,939915
41494,1022,52951
80721,1022,"587646,32800"
160113,1022,"959032,959032"
167700,1022,"782147,37904,395923"
186953,1022,145094
206021,1022,317226
206743,1022,995384
230385,1022,632421
310632,1022,"829806,829806"
328862,1022,"326321,698318"
358360,1022,"657693,669884"
359170,1022,"1289,560903,58044,118316"
409280,1022,"137535,545625,545625,137535"
28422,1023,613698
41494,1023,179541
90527,1023,1003582
166453,1023,565318
205964,1023,806876
314034,1023,88629
332896,1023,132313
358360,1023,"705684,909046"
407719,1023,317772
1321,1024,163125
2859,1024,597616
41494,1024,383738
131687,1024,46317
160113,1024,"441828,798139,798139,258868"
206743,1024,22505
242845,1024,"66612,432203"
370679,1024,275339
379005,1024,"481190,76065,48984"
186568,1025,"524366,1045969"
249620,1025,843827
300681,1025,389669
379564,1025,328726
26516,1026,"201361,352345,877383"
70585,1026,"905631,820529,820529"
90527,1026,"457796,970359"
194402,1026,417099
244974,1026,"708674,165581"
340351,1026,495877
10452,1027,957314
16464,1027,"968643,968643"
212504,1028,"938206,938206,938206"
241618,1028,1007195
249620,1028,"909254,1013670,1013670,909254"
285025,1028,893525
309150,1028,501105
339768,1028,749886
346053,1028,209896
394502,1028,879572
119408,1029,188746
205964,1029,1060267
256477,1029,"973166,58086"
310632,1029,"62222,374879,62222"
337277,1029,108933
343130,1029,14632
367667,1029,757794
370015,1029,107150
370679,1029,760470
2859,1030,495877
10452,1030,"902043,174382"
17159,1030,402920
17421,1030,864985
90527,1030,834879
160113,1030,"441828,798139"
186568,1030,"161632,176050,786682"
212504,1030,34382
300681,1030,153681
332670,1030,941951
422917,1030,231188
2859,1031,107194
41494,1031,"179541,662822"
131687,1031,578231
258031,1031,"296324,524564"
186568,1101,835159
362323,1101,"13285,913126,970106"
41494,1102,439036
106446,1102,"434009,144320,153940"
237078,1102,751078
10452,1103,481069
190674,1103,898638
242845,1103,"794695,794695"
332896,1103,"776922,776922"
379564,1103,302259
109881,1104,385989
132259,1104,"56136,56136,56136,56136,56136,56136,56136,56136"
160113,1104,939323
177193,1104,707186
179098,1104,559687
186568,1104,187210
212504,1104,927209
287404,1104,93285
337277,1104,"820965,1088807"
370679,1104,270765
212504,1105,"242353,1042675"
337277,1105,298047
29340,1106,"366611,819701,712705,819701,668220,147765,1108"
142526,1106,631231
186953,1106,1004454
212504,1106,106423
241618,1106,"232392,208442,232392,232392,208442"
247938,1106,230466
382472,1106,631742
140171,1107,88629
186568,1107,188626
212504,1107,"755745,755745,230466"
337277,1107,"571577,923836"
212504,1108,650143
237078,1108,322063
287404,1108,834630
342593,1108,715823
244153,1109,1090389
310632,1109,13948
6058,1110,838718
18952,1110,563978
121013,1110,489947
132259,1110,60634
234512,1110,"585039,585039"
285025,1110,"393393,585783"
337277,1110,"407413,430509"
379564,1110,"73812,73812"
387110,1110,92154
1321,1111,"417065,573770,897059,37008,65221,870084"
2493,1111,"826945,987083"
2859,1111,"351303,923725,581038,269288,351303"
6058,1111,"846232,867078,789783,363383,353560,1078693,156876"
7922,1111,1059984
10172,1111,742194
10452,1111,"200958,726488"
11131,1111,"898771,868755"
14217,1111,127352
15361,1111,779070
16464,1111,"182850,714005,557404,1077433,464996,716783,791347,18569,510381,669777,756511"
17159,1111,"854301,1008271,793781,690433,1008271"
17421,1111,149825
18952,1111,"968873,1032224,786262,700268"
23670,1111,592142
26516,1111,"384440,241232,416965,846996,683349,334700,352345,66049,124948,544572,258481"
28239,1111,"617268,950357,278083,759114,148317"
28422,1111,"529131,44166,77577,419086"
29340,1111,221704
32569,1111,"283515,804845,757002,283515,757002,804845,705985,757002"
33933,1111,"179800,207570"
35773,1111,"223228,130173,44942"
37908,1111,"1010653,330097"
40282,1111,"672154,788434,582937,718525,633432"
41494,1111,"173776,173776,261388,139776,173776,1042367,1039919"
46520,1111,"767899,217936,934814"
49855,1111,"503522,503522,771522,771522,771522"
50329,1111,219943
61300,1111,"331371,518932"
62392,1111,353560
64865,1111,"487805,867540,554759,361546,190264"
64898,1111,"369246,1094332,870582"
66012,1111,"867263,867263,780658"
67782,1111,"828034,429683,366037"
68198,1111,725924
69288,1111,"377592,938757"
69762,1111,"619527,81360"
70585,1111,"823727,384173,271824,823727"
70816,1111,"264481,1097315,1022319,1097315,760357,64755,24620,764906,472260,115449,924177,714175,764906,356467,1038940,444407"
71744,1111,"125598,125598,14644,125598,125598,193276,717006,938314,280165"
72428,1111,"809664,714502"
73709,1111,"565803,1104401"
78617,1111,"602004,1087437,602004"
78988,1111,619341
80721,1111,"1100651,623639,730748"
81956,1111,"484325,884047,411172"
82396,1111,"460642,460642"
84128,1111,430509
89355,1111,"664924,1039855"
90527,1111,34049
92396,1111,"316514,568481,259853,259853,316514"
96081,1111,"783441,1061847"
102269,1111,"60221,121940"
106446,1111,"1006017,677292,1107922,926808,950457,886214,963169,528319,677292"
106629,1111,"372798,236222,933590,12406,324807,337045"
107617,1111,"341205,543661,372141"
109881,1111,"1044140,434928,405452"
116591,1111,87133
119408,1111,"626949,408367"
121013,1111,473625
123526,1111,"413249,217685,540958"
125145,1111,"892817,329731,289564"
129965,1111,"191499,324381"
131687,1111,"983449,635782,32800"
132259,1111,"1001605,1001605,1001605,442128,248039"
132295,1111,860581
133418,1111,"713764,683583,163543"
139859,1111,671759
140171,1111,"917266,683219,728525,148526"
142509,1111,"372075,372075"
142526,1111,"1028427,33363,738624"
142874,1111,"129088,144461"
144854,1111,"986050,692871"
145968,1111,"997116,438283,1023237,623916"
149002,1111,989660
152922,1111,"361063,349999,224365,114360,612068"
153790,1111,"444179,634856,705878,710302,209679,444179"
160113,1111,102993
162620,1111,"263217,1046138,187983,54018"
162826,1111,"606205,921189,163254,344280,107407"
162990,1111,458072
166453,1111,"675792,318380"
167265,1111,143386
167700,1111,"580196,307817,82431,810163"
170471,1111,107001
171799,1111,"1108105,945837,608042,59447,460461"
173427,1111,"620070,244821,757569,953865,1015067,588391,127086,286376,875393"
174729,1111,"772876,1080321"
177193,1111,"227983,555384"
179098,1111,"1011539,656948"
182771,1111,"712129,416372,83060"
185060,1111,"407772,292920,557918"
185844,1111,448147
186568,1111,"783801,899591,141051,318277,888875,40007,1044140,181387"
186953,1111,75166
187513,1111,"671012,671012,955539,414185"
187813,1111,"397865,1075577"
188977,1111,"724438,153997,91527,919888,53371,63368"
188983,1111,"980237,462862,109023,1024557"
190674,1111,378023
194402,1111,"1102568,157368,653589,1109936,313717"
195901,1111,"838831,677420,495072"
198417,1111,"365857,628774,858394"
198759,1111,"172878,672849,558012,1056503,172878"
199645,1111,891733
200040,1111,437899
200934,1111,"969814,134871,486638"
203064,1111,391938
203651,1111,"10956,6046,376783,48664,376783,680576,6046,382370"
204505,1111,16025
205964,1111,"1073032,874470,401691,1094208"
206021,1111,"712816,458633"
206743,1111,1088598
212504,1111,"935222,145812,59811,917098,484866,558755,172527"
214182,1111,"1033997,1033997,320733"
215005,1111,353560
217494,1111,"646334,100399,370379,646334"
218606,1111,"343828,853036,950987"
219316,1111,"158089,586263,840951,708206,708206,692709,709633"
220388,1111,1027736
222762,1111,1100596
226647,1111,"1054604,702081,1054604,30063"
228572,1111,873986
230385,1111,"708206,990583"
232889,1111,1613
234456,1111,"375681,20651,899591,678868,680038,1075688,23743,641607,474484,678868,318842,568,551228"
234512,1111,"240182,137298,179830"
237078,1111,246590
237909,1111,"253700,831182"
238801,1111,833187
240665,1111,"734472,425527,836076"
241618,1111,"368863,88296,241488,815632"
242845,1111,"412698,770668,738322,566262,15173,388758,654063,66612,928710"
244153,1111,561633
244974,1111,650498
247938,1111,"951933,678275,294651,83550"
248997,1111,1009859
249620,1111,605382
249869,1111,"609061,928498,308106,524346,709528,784948,926963,947796"
251260,1111,"293882,33363,147751,205788,142889,734858,528905"
251550,1111,944554
255390,1111,"183925,934988"
256190,1111,"750816,1078116,32386,186350,1078116,944554"
256477,1111,560345
256936,1111,"868354,331952"
258031,1111,"586805,614944"
258538,1111,"566615,564392"
258542,1111,123765
259544,1111,"624877,538779"
261596,1111,"50484,815105,855494,466472,855494,855494,930695,855494,483733"
267364,1111,"264947,251847"
268107,1111,689820
270040,1111,"999837,1057884,175359,115572,963169,503703"
270173,1111,"138454,51604"
271127,1111,"539608,91066,1013765,240812,842196"
272389,1111,1112375
272775,1111,"933132,665522,628247,782924,807178,184426,81471,449724,390322"
274559,1111,"516511,292255,363802,587529,1022696,1022696,822002,292255"
276986,1111,"627526,254406,1104980,686231"
277052,1111,580105
278823,1111,"18090,323467,372492,659032,107407,18090,18090,18090"
278884,1111,"677869,348591,539797,495387,758374,418702,1095198,1001605,539093"
283204,1111,"1096539,103402,1004252,61726,587711,707895,828047,677220,202521,514775"
284990,1111,"523559,748762,830992,840650,830992,882269,991507,968383"
285025,1111,"691231,1077027"
287404,1111,"1015670,722780"
287427,1111,"256896,868713,326171,298026"
289429,1111,"480046,683250,429766,939073,557122,996904,326377,1080727"
294091,1111,638862
295759,1111,"202188,453184,388928"
299176,1111,"862143,621465,470527,530716,577625"
300681,1111,"894012,211986,236225"
306549,1111,12398
308386,1111,"748908,618557,212085,979049"
309150,1111,"303881,853219,919940"
310632,1111,"456624,221667,29772,862596,1063861,363099,181387,220278,741988,736953,562187,696294,102025,727941,431009"
311624,1111,"992139,132284,196803"
312671,1111,"1039919,1030146,1039919,1039919,1039919"
314034,1111,353560
316220,1111,"84621,132782"
320313,1111,"376482,31847,659206,78855,622881,1092305,464017,158007,584869"
322159,1111,"772395,241916,899332"
322919,1111,"610445,197534,103133"
328251,1111,203050
328862,1111,406349
329894,1111,"1059766,584363,955360"
332670,1111,"1016774,828350,98723,554138,1043633,949964,646672,554138,497861"
332896,1111,298528
333065,1111,"87694,883361,1087437"
333389,1111,"341257,799851,560692,775014,347161,743090"
337277,1111,"441588,328135,757517"
338764,1111,"897158,554912,822793"
339768,1111,273635
340040,1111,438286
340308,1111,"231374,371089,56784,820532,897918"
340351,1111,"1051169,678600,402941"
341215,1111,"681742,166782,754577"
341974,1111,"295982,1065636"
342593,1111,"616594,31640"
343130,1111,1063715
343791,1111,454937
346053,1111,859517
347476,1111,379069
348053,1111,"313086,1003225,679673"
354160,1111,"402730,843108,44924"
354709,1111,"58086,973166"
354742,1111,"948453,948453,810724"
355714,1111,"843392,428214,407581"
356311,1111,"246033,964080,308537,758374"
356408,1111,"415042,612068,374508,612068,185098,532548"
358360,1111,28775
359170,1111,"849107,692261,208580,811197"
359671,1111,"779070,945963"
359701,1111,"387844,768715"
362323,1111,"216147,306989"
362627,1111,"125632,684789"
362908,1111,428088
363099,1111,"676215,450541,170236"
366342,1111,"606409,676076,1052189,545920,611231,391880,197437,893999,822957,822957,1039486,487805,267380,974222,651029,545920,794335"
367667,1111,616929
369232,1111,953290
370015,1111,189231
370679,1111,"271326,480388,901432,176761,943333,927995,869249,901432,901432,51396,271326,727019,660943,51396,51396,248304"
378206,1111,"488781,41981,541476,358724,790194,819128,597305,54845,41981,514725"
379005,1111,"384440,241232,992312,258481,584375,652255,916884,13929,128117"
379228,1111,"794392,1011809"
379564,1111,"1077185,713695"
382472,1111,"390516,848375,382411,313424,315233"
383227,1111,"782639,659852,1088537"
387110,1111,831944
389295,1111,"445254,880576,366786,883153,641557,990543,1059899"
394035,1111,475546
394502,1111,"783997,822962"
396129,1111,"716001,618711,239443,618711,912303,618711"
398807,1111,"881084,342583,879605"
398841,1111,336728
401805,1111,"209498,935408"
406351,1111,"665417,773802,1085314"
407719,1111,"305705,532875,505503,233818,33125,293244"
407729,1111,"385461,1109073,226570"
409280,1111,"496882,21596,406935,106984,418285,54561,849329,254926,752913,469150,1046099,1029459,254926,1046099,172987,107787,170113,587711,469150,923604"
415153,1111,930849
419726,1111,954386
422265,1111,"572712,594898,267981,572712"
422917,1111,"285353,554138,363297,877236,714005,752699,474484,815974,394976,941673,246772,31047,1094411"
